Regions;Cultural Institutions;Avarage Income per family(reddito medio annuale delle famiglie (in euro);Difuse of Internet(famigle che dispongono di accesso a Internet da casa);Crime Rate;Density of Cultural Institutions  (number of institutions divided by square km)
Piemonte;44;34 290;69,1;207885;0,0246
Valle d'Aosta;2;33 504;69,4;4085;0
Liguria;23;35 866;65,2;79898;0,0511
Lombardia;113;40 459;73,7;475194;0,0238
Trentino Aldo Adige;43;396740;72,5;16323;0
Veneto;77;39 521;72,6;169999;0,0131
Friuli-Venezia Giulia;27;374830;73,1;35552;0,0261
Emilia-Romagna;67;40 187;71,9;229630;0,0265
Toscana;66;38 202;71,9;176246;0,0341
Umbria;16;35 860;69;30108;0,0315
Marche;31;36 687;70;47067;0,0413
Lazio;42;36 636;72,9;276255;0,0312
Abruzzo;7;31 712;70;43136;0,0224
Molise;1;28 581;63,2;8205;0,0132
Campania;21;27 778;64,4;222685;0,0263
Puglia;28;31 726;62,4;149334;0,0129
Basilicata;6;28 578;62,7;13570;0,0083
Calabria;27;26 852;59,4;61137;0,0132
Sicilia;50;25 936;60,6;176318;0,0121
Sardegna;21;30 332;72,4;47465;0,0125