year,tag,count
2007,yellow,60
2007,golden,1703
2007,dna,146
2007,music,378
2007,telegraph,114
2007,yahoo,59
2007,travel,249
2007,funny,51
2007,wine,85
2007,murals,83
2007,cathedral,53
2007,rx,53
2007,mason,103
2007,pumpkins,52
2007,tokina,279
2007,nirvana,76
2007,nationa,81
2007,kfog,71
2007,landmark,81
2007,camp,54
2007,fair,196
2007,nature,122
2007,deyoung,81
2007,canyon,83
2007,contestants,94
2007,union,122
2007,castro,1460
2007,d70s,148
2007,prison,199
2007,right,81
2007,people,162
2007,for,96
2007,bottom,54
2007,creative,174
2007,fog,119
2007,honeymoon,58
2007,oceanbeach,55
2007,time,55
2007,baybridge,54
2007,sign,182
2007,love,371
2007,sky,186
2007,wildlife,63
2007,fandango,61
2007,st,310
2007,sf,3345
2007,accordion,75
2007,square,191
2007,trannyshack,73
2007,mime,61
2007,one,72
2007,open,71
2007,city,909
2007,2,84
2007,future,105
2007,san,15150
2007,alley,82
2007,zoo,356
2007,goldengatepark,271
2007,walking,54
2007,skyline,54
2007,xmas,86
2007,surfboards,57
2007,sfiff2007,59
2007,boat,81
2007,west,227
2007,vacation,281
2007,photos,52
2007,wired,52
2007,summer,131
2007,world,93
2007,stone,53
2007,burning,203
2007,image,90
2007,financial,62
2007,sfiff07,58
2007,af,328
2007,to,124
2007,documentaries,64
2007,valleyschwag,64
2007,24th,89
2007,richard,76
2007,november,76
2007,social,163
2007,science,52
2007,states,1631
2007,scott,72
2007,graffiti,215
2007,photowalking,72
2007,self,59
2007,giants,318
2007,lombard,231
2007,tree,118
2007,sea,161
2007,movie,54
2007,cyclocross,120
2007,thom,61
2007,drunk,75
2007,fire,375
2007,mighty,71
2007,bw,98
2007,santa,56
2007,jewish,51
2007,pacific,206
2007,line,62
2007,us,272
2007,grove,52
2007,hornet,52
2007,phantom,51
2007,swirl,55
2007,robots,53
2007,young,216
2007,garden,215
2007,harbor,176
2007,race,224
2007,bird,99
2007,great,71
2007,filmpack,114
2007,d80,82
2007,animals,79
2007,high,53
2007,animal,99
2007,amerika,104
2007,motorcycle,52
2007,books,206
2007,bay,1167
2007,david,78
2007,jesus,73
2007,hodgman,71
2007,festival,513
2007,system,155
2007,thanksgiving,98
2007,bring,241
2007,bikes,56
2007,rouge,63
2007,jam,98
2007,bonds,52
2007,wwdc,67
2007,stuff,71
2007,fotwa,56
2007,ca,1186
2007,cx,113
2007,dahlias,151
2007,web,214
2007,pier,292
2007,places,90
2007,francisco,14891
2007,exposure,92
2007,eos,106
2007,gardens,151
2007,bike,73
2007,specs,64
2007,indians,62
2007,baytobreakers,70
2007,moscone,160
2007,beach,718
2007,rebar,68
2007,after,71
2007,las,81
2007,green,119
2007,office,191
2007,robogames,84
2007,thoughtworks,122
2007,band,61
2007,john,162
2007,dogs,97
2007,foundinsf,147
2007,hike,62
2007,bracket,68
2007,dx,176
2007,soex,51
2007,fest,135
2007,air,152
2007,audrey,59
2007,wheel,268
2007,independent,81
2007,the,1668
2007,nimby,245
2007,night,660
2007,orchid,67
2007,humor,97
2007,kickball,60
2007,fav10,98
2007,fight,199
2007,war,89
2007,expertise,63
2007,dance,108
2007,flash,265
2007,vegas,98
2007,sfchronicle,51
2007,pillow,172
2007,market,95
2007,live,132
2007,angels,97
2007,club,405
2007,car,236
2007,cat,80
2007,december,87
2007,dxo,280
2007,lounge,222
2007,southern,52
2007,nov,74
2007,hall,131
2007,ed,121
2007,year,111
2007,space,123
2007,cars,111
2007,rebel,74
2007,marina,87
2007,silent,113
2007,zenwolf,280
2007,flowers,495
2007,equipment,157
2007,embarcadero,203
2007,america,926
2007,sunset,206
2007,concert,329
2007,cycling,78
2007,nikon,586
2007,chinatown,137
2007,media,67
2007,theater,265
2007,neon,88
2007,death,97
2007,business,74
2007,your,263
2007,area,407
2007,minna,58
2007,building,262
2007,month,79
2007,wwjd,57
2007,attribution,73
2007,iraq,60
2007,sanfrancisco,3117
2007,family,322
2007,history,67
2007,food,195
2007,faire,55
2007,event,178
2007,wwjb,57
2007,bash,53
2007,launch,77
2007,american,160
2007,katya,281
2007,station,76
2007,mobile,62
2007,booze,54
2007,northern,164
2007,trees,58
2007,portrait,86
2007,sausalito,220
2007,pesto,396
2007,fleet,279
2007,grand,128
2007,march,128
2007,parade,569
2007,soma,160
2007,pestonight,136
2007,shine,51
2007,drag,1241
2007,boofaloblues,59
2007,gg,85
2007,camera,488
2007,jonathan,72
2007,wharf,151
2007,halloween,311
2007,poetry,53
2007,spelling,99
2007,costume,61
2007,auto,163
2007,20060528,73
2007,activism,54
2007,times,51
2007,gallery,124
2007,indoor,59
2007,dernierexile,56
2007,flickr,205
2007,party,1148
2007,reflection,59
2007,library,88
2007,home,208
2007,peter,63
2007,museum,407
2007,dolores,169
2007,north,216
2007,friends,125
2007,protest,163
2007,asian,52
2007,presents,104
2007,cnet,56
2007,commons,207
2007,japanese,106
2007,web2expo,71
2007,lights,83
2007,new,188
2007,landscape,89
2007,type,69
2007,room,105
2007,movies,179
2007,yosemite,172
2007,annies,71
2007,navy,56
2007,immagine,72
2007,foto,87
2007,presidio,129
2007,digg,77
2007,palace,335
2007,modern,120
2007,mining,82
2007,marin,275
2007,dog,151
2007,stop,80
2007,coast,210
2007,bar,1275
2007,architecture,219
2007,coulton,68
2007,7,119
2007,fillmore,139
2007,fotografia,72
2007,165,105
2007,is,86
2007,in,190
2007,meetup,66
2007,renaissance,66
2007,game,81
2007,legion,52
2007,walkmob,70
2007,dead,53
2007,burn,77
2007,down,116
2007,fireworks,79
2007,fort,209
2007,ship,103
2007,digital,189
2007,lynch,59
2007,run,55
2007,international,55
2007,box,166
2007,exploratorium,100
2007,treasure,141
2007,franco,72
2007,downtown,107
2007,pageant,94
2007,may,101
2007,mac,54
2007,man,288
2007,lunch,57
2007,rock,105
2007,sfiff,119
2007,monster,497
2007,california,6674
2007,carnival,61
2007,10,106
2007,sailing,67
2007,20d,62
2007,kevin,54
2007,performance,164
2007,queens,564
2007,show,1018
2007,black,253
2007,muni,121
2007,sfzoo,51
2007,august,126
2007,tour,187
2007,arts,341
2007,mark,72
2007,vabre,118
2007,mary,54
2007,shopping,138
2007,macro,99
2007,outdoor,55
2007,mob,106
2007,laughing,72
2007,island,240
2007,road,80
2007,alameda,92
2007,bookstore,108
2007,deep,59
2007,film,368
2007,sanfran,99
2007,canon,409
2007,robinson,80
2007,triathlon,55
2007,wave,57
2007,27,52
2007,boofalo,59
2007,house,179
2007,flower,207
2007,park,1761
2007,dancing,69
2007,fine,254
2007,flame,84
2007,restaurant,84
2007,point,166
2007,gay,1294
2007,bill,67
2007,fun,67
2007,e2100,61
2007,conbusac,274
2007,atomic,51
2007,apple,351
2007,big,334
2007,back,88
2007,30d,159
2007,iphonedevcamp,51
2007,costumes,90
2007,bayarea,176
2007,folsom,173
2007,immigration,53
2007,cafe,110
2007,lens,150
2007,2002,57
2007,2003,97
2007,2006,1116
2007,2007,3071
2007,2004,193
2007,2005,340
2007,optics,114
2007,mural,85
2007,39,153
2007,honor,51
2007,de,280
2007,futurofthewebapps,56
2007,dam,81
2007,day,619
2007,buena,135
2007,sfiff50,89
2007,red,187
2007,bijou,100
2007,lovefest,183
2007,sf0,73
2007,sfo,111
2007,herman,57
2007,photography,351
2007,bear,53
2007,national,129
2007,bee,100
2007,squid,77
2007,center,251
2007,d200,134
2007,justin,65
2007,buy,115
2007,bus,84
2007,pride,330
2007,bicycle,209
2007,street,1468
2007,blue,255
2007,would,57
2007,phone,61
2007,me,148
2007,end,116
2007,usa06,58
2007,gate,1774
2007,ultimate,155
2007,oakland,135
2007,tourist,60
2007,tourism,57
2007,alex,208
2007,independence,141
2007,free,51
2007,ritual,52
2007,byobw,191
2007,heights,79
2007,urban,181
2007,headlands,97
2007,expo,141
2007,bridge,945
2007,fashion,75
2007,raw,176
2007,coit,147
2007,metal,305
2007,pilarcitos,132
2007,queer,54
2007,photo,474
2007,wedding,156
2007,botanical,96
2007,public,217
2007,cable,110
2007,d50,70
2007,discovery,135
2007,aquarium,92
2007,conference,72
2007,beer,81
2007,accessories,68
2007,ocean,348
2007,kalifornien,56
2007,election,51
2007,christmas,164
2007,civic,93
2007,trip,207
2007,no,66
2007,picture,57
2007,goldengatebridge,116
2007,clouds,75
2007,porn,68
2007,wordcamp,91
2007,water,222
2007,baseball,228
2007,d70,102
2007,jude,117
2007,ferry,210
2007,swedish,55
2007,1,51
2007,fourth,69
2007,birthday,488
2007,mezzanine,59
2007,javaone,77
2007,conservatory,279
2007,bernal,98
2007,opera,284
2007,goldengate,90
2007,george,57
2007,district,326
2007,white,232
2007,and,288
2007,pro,402
2007,hoover,83
2007,kentkb,116
2007,poi,60
2007,nicole,51
2007,hardly,76
2007,500,330
2007,week,283
2007,japantown,57
2007,decompression,240
2007,tower,246
2007,moon,61
2007,on,55
2007,of,1972
2007,m90,66
2007,strictly,78
2007,valley,147
2007,fish,53
2007,politics,130
2007,heather,73
2007,really,69
2007,paraformance,60
2007,chinese,68
2007,alcatraz,704
2007,woman,57
2007,sony,83
2007,tea,116
2007,breakers,94
2007,design,57
2007,what,58
2007,anniversary,70
2007,racing,191
2007,berkeley,72
2007,sfist,56
2007,mission,909
2007,alcohol,58
2007,hill,413
2007,friday,75
2007,grime,73
2007,store,165
2007,pierrick,118
2007,hotel,310
2007,gala,56
2007,wondercon,69
2007,nothing,115
2007,folini,144
2007,art,935
2007,bart,78
2007,2,143
2007,macworld,158
2007,bluegrass,97
2007,yerba,133
2007,zombie,82
2007,plaza,91
2007,long,63
2007,iphone,205
2007,v,77
2007,rally,108
2007,sutro,93
2007,daly,132
2007,buffalo,64
2007,drinking,61
2007,usa,2217
2007,usm,62
2007,united,1704
2007,haight,147
2007,light,282
2007,deathmarch,180
2007,orange,63
2007,holiday,252
2007,ludmilla,53
2007,out,55
2007,4th,105
2007,july,462
2007,carnaval,455
2007,sculpture,73
2007,nikkor,231
2007,view,90
2007,buzzed,53
2007,april,58
2007,wall,149
2007,walk,85
2007,abandoned,54
2007,vintage,51
2007,smashing,52
2007,111,52
2007,kaboom,102
2007,own,243
2007,fundraiser,63
2007,apps,102
2007,book,56
2007,june,99
2007,balsa,57
2009,hanging,87
2009,wednesday,58
2009,cooking,64
2009,china,210
2009,kids,83
2009,seiu,87
2009,golden,4335
2009,santaconsf2009,83
2009,stern,59
2009,dna,171
2009,music,3803
2009,yahoo,68
2009,hyatt,194
2009,travel,952
2009,cameraphone,882
2009,mason,172
2009,chevron,84
2009,service,63
2009,tech,309
2009,flowers,642
2009,nature,332
2009,union,1903
2009,dave,58
2009,participatory,136
2009,memorial,525
2009,effortlessly,175
2009,corporate,239
2009,hat,93
2009,shadow,70
2009,masonic,51
2009,alice,82
2009,crowd,150
2009,billboard,62
2009,bottom,64
2009,honeymoon,68
2009,wordpress,63
2009,kuzich,64
2009,roll,173
2009,chair,60
2009,meadow,146
2009,cacophony,127
2009,abortion,110
2009,years,343
2009,jim,78
2009,suspension,80
2009,sundaystreets,130
2009,internet,155
2009,one,383
2009,sflovefest,66
2009,zoo,360
2009,harvey,180
2009,awards,54
2009,west,798
2009,photos,1216
2009,single,211
2009,newspaper,63
2009,technology,74
2009,mardigras,67
2009,world,1059
2009,leadership,75
2009,bringyourownbigwheel,54
2009,with,377
2009,trips,62
2009,cream,97
2009,nrhp,52
2009,nord,81
2009,24th,131
2009,sand,109
2009,november,1269
2009,experience,68
2009,door,124
2009,pillowfight2008,71
2009,pillowfight2009,173
2009,resorts,233
2009,paper,56
2009,scott,330
2009,signs,130
2009,gadget,58
2009,raygun,329
2009,operation,63
2009,preservation,103
2009,saint,533
2009,theater,576
2009,graffiti,1452
2009,self,88
2009,barrel,61
2009,occupation,63
2009,lombard,354
2009,sunny,65
2009,capps,54
2009,cyclocross,465
2009,last,101
2009,amoeba,148
2009,bell,114
2009,consulate,81
2009,budget,310
2009,vday,91
2009,marquee,59
2009,uploaded,184
2009,harbor,60
2009,video,129
2009,victor,65
2009,funston,103
2009,derby,70
2009,maker,55
2009,d80,190
2009,baby,78
2009,comedy,115
2009,amerika,156
2009,scenic,51
2009,books,369
2009,festival,3119
2009,nihonmachi,114
2009,ncnca,145
2009,worldwide,168
2009,thanksgiving,210
2009,greenhouse,62
2009,santarchy2009,83
2009,jay,61
2009,terminal,87
2009,tape,109
2009,keynote,263
2009,santaconsf,83
2009,boyer,140
2009,pillowfight08,68
2009,pillowfight09,75
2009,web,1030
2009,wet,112
2009,pier,899
2009,documentary,57
2009,letters,112
2009,places,245
2009,exposure,217
2009,gardens,312
2009,mwsf09,62
2009,presidio,325
2009,sarah,103
2009,inglourious,74
2009,culturejamming,196
2009,coffee,267
2009,l,252
2009,daniel,1592
2009,stencil,140
2009,john,774
2009,dogs,133
2009,flickrhq,73
2009,portraits,67
2009,reserve,170
2009,geary,96
2009,sfsanta2009,83
2009,climate,1188
2009,wheel,291
2009,quentin,55
2009,vermont,103
2009,jose,62
2009,josh,52
2009,night,1065
2009,improvisation,126
2009,12th,77
2009,gus,78
2009,pillow,844
2009,ibr,53
2009,lounge,308
2009,economy,662
2009,innenstadt,83
2009,noe,66
2009,nob,183
2009,not,258
2009,nov,836
2009,now,193
2009,year,914
2009,d5000,60
2009,carnaval09,65
2009,a,537
2009,brains,172
2009,equipment,59
2009,america,3767
2009,madness,58
2009,hvf,60
2009,dictator,129
2009,elvis,69
2009,adamjackson,201
2009,westin,334
2009,neon,432
2009,glbt,522
2009,francis,432
2009,minna,120
2009,colla,71
2009,fools,139
2009,pool,117
2009,robert,72
2009,month,125
2009,chain,105
2009,bash,51
2009,evening,113
2009,faire,218
2009,miss,309
2009,7,54
2009,american,532
2009,horse,70
2009,blossom,277
2009,station,219
2009,1910,67
2009,justice,585
2009,santacon,1118
2009,culture,171
2009,portrait,488
2009,occupysf,92
2009,league,299
2009,guide,348
2009,grant,102
2009,grand,254
2009,multicultural,66
2009,election2008,180
2009,interventions,78
2009,department,142
2009,wave,172
2009,michael,215
2009,ryan,171
2009,jump,58
2009,camera,719
2009,visibility,63
2009,justin,416
2009,recession,231
2009,farm,212
2009,ronald,265
2009,costume,514
2009,ticker,59
2009,university,382
2009,slide,72
2009,times,123
2009,bokeh,131
2009,natural,158
2009,hiphop,53
2009,gallery,762
2009,chrismarquardt,59
2009,ken,281
2009,party,2069
2009,femme,118
2009,lincoln,112
2009,xsi,103
2009,library,156
2009,home,58
2009,tenderloin,245
2009,howweird2009,89
2009,universal,79
2009,beats,57
2009,education,279
2009,star,374
2009,stay,65
2009,aug,176
2009,men,95
2009,joshua,80
2009,facepaint,68
2009,room,268
2009,candlestick,194
2009,movies,152
2009,sd800,54
2009,aids,145
2009,foto,168
2009,palace,862
2009,marin,401
2009,aquatic,61
2009,united4iransf,158
2009,lanterns,75
2009,tiny,53
2009,trigger,154
2009,sundaystreetssf,132
2009,halloween09,57
2009,meetup,82
2009,supervisors,90
2009,zombies,185
2009,dead,435
2009,450lagunasf,63
2009,weekend,84
2009,pseudo,92
2009,carnaval2009,65
2009,round,68
2009,international,756
2009,box,84
2009,boy,89
2009,boa,123
2009,boc,61
2009,jellyfish,58
2009,police,356
2009,lunch,95
2009,carnival,158
2009,first,186
2009,flickrturns4,58
2009,kevin,114
2009,performance,880
2009,queens,248
2009,sigma,307
2009,playoffs,195
2009,treasure,684
2009,geo,115
2009,morning,65
2009,sean,61
2009,august,3395
2009,sound,167
2009,outdoor,117
2009,sommer,115
2009,charleen,89
2009,banksy,194
2009,20th,91
2009,500d,85
2009,illfest,58
2009,karaoke,99
2009,dragon,53
2009,giannini,223
2009,through,53
2009,fiction,109
2009,urban,1080
2009,restaurant,1437
2009,point,681
2009,tennessee,77
2009,30mm,63
2009,elections,486
2009,kodak,51
2009,century,98
2009,development,54
2009,cup,271
2009,easter,101
2009,decision,171
2009,l11,109
2009,califorina,65
2009,cafe,819
2009,dessert,51
2009,honor,115
2009,technologizer,60
2009,chu,65
2009,edwardian,69
2009,closing,51
2009,eua,159
2009,photodocumentary,65
2009,lovefest,159
2009,sfo,179
2009,tweetup,86
2009,powell,370
2009,chica,114
2009,outsound,101
2009,consumerism,176
2009,female,124
2009,westfield,303
2009,50mm,402
2009,school,182
2009,cannery,124
2009,direct,137
2009,blue,1017
2009,luggage,105
2009,leaves,54
2009,museums,149
2009,ceremony,59
2009,40d,467
2009,alex,72
2009,cable,380
2009,ptdr,66
2009,saturday,546
2009,day9,128
2009,day1,54
2009,independence,83
2009,dcsf,59
2009,revision3,63
2009,days,55
2009,outfits,55
2009,heights,211
2009,bridge,2339
2009,colors,198
2009,wedding,925
2009,botanical,255
2009,estados,135
2009,parol,402
2009,discovery,91
2009,conference,406
2009,peaks,150
2009,ocean,910
2009,cherry,296
2009,election,1023
2009,hsb,58
2009,t1i,92
2009,dinner,251
2009,picture,170
2009,football,335
2009,goldengatebridge,72
2009,gumball,56
2009,clouds,143
2009,port,217
2009,seagull,76
2009,andy,81
2009,fourth,98
2009,torch,170
2009,eagle,63
2009,healthcarereform,223
2009,sciences,983
2009,surf,94
2009,gull,61
2009,jazz,52
2009,crooked,84
2009,railway,53
2009,protesters,53
2009,nicole,63
2009,andrew,55
2009,randomok,259
2009,fav20,120
2009,fav25,120
2009,week,445
2009,ninth,96
2009,feminist,97
2009,santarchysanfrancisco2009,83
2009,feminism,103
2009,tower,398
2009,moon,98
2009,grass,73
2009,pillows,273
2009,otd,109
2009,finals,110
2009,breakers,460
2009,sun,196
2009,israel,103
2009,flag,162
2009,vlad,59
2009,adventure,87
2009,avenue,112
2009,soccer,180
2009,sentbyiphone,187
2009,hill,831
2009,friday,384
2009,noisebridge,66
2009,story,55
2009,porn,332
2009,king,101
2009,electric,81
2009,santacon09,83
2009,cosplay,122
2009,newhampshire,181
2009,bluegrass,349
2009,sfbayarea,67
2009,9,300
2009,higher,97
2009,sitlie,135
2009,yerba,398
2009,united4iransanfrancisco,108
2009,zombie,352
2009,plaza,1026
2009,long,206
2009,desfile,65
2009,rally,1963
2009,rainbow,121
2009,peace,141
2009,nick,190
2009,sykes,90
2009,dale,378
2009,noche,53
2009,daly,56
2009,buffalo,75
2009,reunion,59
2009,showcase,131
2009,19th,133
2009,mclaren,246
2009,iphonephoto,726
2009,app,271
2009,from,366
2009,2344,75
2009,sidewalks,253
2009,soleil,59
2009,glen,95
2009,holiday,341
2009,gdc2010,57
2009,who,76
2009,nikkor,259
2009,fear,300
2009,local,900
2009,hartwig,703
2009,joy,60
2009,joe,64
2009,jon,246
2009,april,1144
2009,santaconsanfrancisco09,83
2009,warming,466
2009,press,103
2009,mural,525
2009,sanfranciscobicyclecoalition,97
2009,cake,56
2009,lovevolution,127
2009,races,69
2009,yellow,154
2009,marching,65
2009,ybca,76
2009,military,66
2009,spoke,53
2009,telegraph,156
2009,foodie,313
2009,dyke,216
2009,sfpride2009,63
2009,cielo,59
2009,w2e,320
2009,wine,138
2009,financial,593
2009,concrete,81
2009,60th,76
2009,mystique,57
2009,grove,112
2009,menu,70
2009,mens,55
2009,new,1108
2009,fair,812
2009,deyoung,172
2009,howweirdstreetfaire,89
2009,life,222
2009,d700,227
2009,aikido,51
2009,1151,144
2009,county,724
2009,people,1081
2009,for,1861
2009,energy,193
2009,panorama,166
2009,palm,77
2009,team,72
2009,cellos,85
2009,lagassa,101
2009,love,252
2009,sfba,423
2009,sfbc,136
2009,winter,147
2009,records,93
2009,sightseeing,91
2009,20,60
2009,vote,205
2009,2,1090
2009,prospect,54
2009,goldengatepark,156
2009,g10,259
2009,fifa,234
2009,bombs,68
2009,16th,282
2009,blogher08,83
2009,guitar,119
2009,twin,155
2009,vacation,505
2009,shepard,55
2009,contract,349
2009,weekly,80
2009,ace,110
2009,image,149
2009,ad,52
2009,af,224
2009,ai,108
2009,ap,111
2009,at,330
2009,101010kcc,96
2009,original,76
2009,champions,103
2009,candid,85
2009,50d,125
2009,sf2011,121
2009,ubergizmo,121
2009,pics,67
2009,action,1101
2009,calibersfpw013010,61
2009,indoors,56
2009,science,538
2009,beautiful,154
2009,autumn,58
2009,reyes,113
2009,travelling,76
2009,bouquets,139
2009,highway,91
2009,w,225
2009,statue,142
2009,sfsanta09,83
2009,sfsanta08,186
2009,grace,70
2009,obama,581
2009,marriage,1367
2009,photowalking,117
2009,play,184
2009,session,69
2009,impact,100
2009,set,62
2009,sex,462
2009,sea,302
2009,nopa,57
2009,tristan,90
2009,community,159
2009,fire,798
2009,pillowfightclub,137
2009,funny,66
2009,bw,482
2009,bp,75
2009,santa,807
2009,by,416
2009,wildlife,54
2009,steinhart,83
2009,jewish,191
2009,lino,82
2009,line,399
2009,hornet,108
2009,phantom,69
2009,summit,197
2009,garden,884
2009,101010sf,114
2009,bird,182
2009,high,205
2009,animal,163
2009,kiss,224
2009,ritratto,127
2009,spill,76
2009,david,300
2009,jesus,66
2009,spaceship,109
2009,steel,84
2009,soap,62
2009,bikes,340
2009,hope,60
2009,superhero,64
2009,cc,201
2009,cx,439
2009,ball,170
2009,dusk,56
2009,colour,99
2009,stage,109
2009,angeles,64
2009,housing,326
2009,mashmeet,105
2009,construction,66
2009,136e,54
2009,francisco,52286
2009,all,396
2009,above,67
2009,celebration,511
2009,troycawleyomosf,71
2009,indians,75
2009,it,398
2009,boats,60
2009,green,1148
2009,mayor,102
2009,thee,102
2009,potrero,252
2009,tavern,121
2009,howweirdstreetfair,89
2009,harldy,87
2009,d3,414
2009,dj,62
2009,di,295
2009,dg,93
2009,de,1251
2009,du,102
2009,propl,82
2009,cop,61
2009,cow,163
2009,prop8,282
2009,the,6002
2009,photobooth,94
2009,27th,74
2009,productions,104
2009,purple,104
2009,fav10,333
2009,diner,55
2009,fight,789
2009,reception,59
2009,global,805
2009,flash,199
2009,salvador,58
2009,sfpillowfight2009,98
2009,change,391
2009,hiking,69
2009,jan,351
2009,streetcar,84
2009,live,1031
2009,december,2973
2009,candles,83
2009,birds,188
2009,rooftop,140
2009,window,204
2009,hall,1294
2009,el,140
2009,ed,279
2009,ef,235
2009,space,340
2009,supperclub,246
2009,rebel,203
2009,short,90
2009,franti,177
2009,norcal,75
2009,angel,111
2009,13th,615
2009,zombieland,95
2009,sunset,716
2009,concert,862
2009,ballpark,260
2009,roof,87
2009,media,173
2009,vista,71
2009,photowalk,235
2009,touch,79
2009,real,83
2009,iphone4,467
2009,eddie,110
2009,central,154
2009,protests,256
2009,valencia,661
2009,comics,168
2009,mp3,61
2009,spearhead,90
2009,dilodec09,59
2009,documentation,68
2009,fool,78
2009,food,1730
2009,candyland,76
2009,trailer,69
2009,dia,362
2009,diy,83
2009,basp,239
2009,storm,80
2009,store,993
2009,pretty,115
2009,trees,118
2009,manning,88
2009,volvidejapon,76
2009,outdoors,179
2009,battery,65
2009,jesuit,114
2009,jpg,150
2009,wondercon,281
2009,cityscape,69
2009,barack,81
2009,march,1154
2009,run,238
2009,accountability,86
2009,heritage,72
2009,russian,114
2009,basterds,99
2009,crissy,62
2009,go,184
2009,experiment,101
2009,halloween,945
2009,jails,129
2009,poetry,352
2009,healthcare,366
2009,pine,55
2009,auto,405
2009,activism,373
2009,keep,226
2009,austin,426
2009,guesswheresf,369
2009,ben,271
2009,exhibit,76
2009,langton,81
2009,parkside,106
2009,flickr,352
2009,brunch,76
2009,dickens,82
2009,reflection,165
2009,i,174
2009,historic,267
2009,renegade,57
2009,h8,57
2009,cantina,112
2009,dolores,586
2009,inner,51
2009,protest,3607
2009,rescue,111
2009,rights,907
2009,happyvalentinesday,91
2009,sfmoma75,70
2009,adobe,140
2009,westadd,63
2009,stewart,125
2009,girls,173
2009,tamron,172
2009,io2009,61
2009,stop,291
2009,zombiemob,113
2009,s90,69
2009,s95,213
2009,fillmore,131
2009,is,502
2009,ii,152
2009,io,89
2009,in,774
2009,if,51
2009,pranks,60
2009,stockphoto,105
2009,theatre,184
2009,publicoption,177
2009,fireworks,153
2009,ford,68
2009,31st,135
2009,fort,546
2009,ship,196
2009,digital,573
2009,laura,288
2009,skin,130
2009,olympic,175
2009,sflgfb,56
2009,transportation,178
2009,tibet,111
2009,sausalito,302
2009,mubarak,222
2009,pageant,179
2009,pink,245
2009,sunday,614
2009,jail,130
2009,cute,130
2009,cuts,121
2009,texas,53
2009,sfiff,86
2009,after,115
2009,victorian,62
2009,contemporary,102
2009,black,1238
2009,yeung,726
2009,stencils,62
2009,basps,149
2009,behind,71
2009,reading,161
2009,cityhall,85
2009,arts,581
2009,bmw,63
2009,middle,73
2009,baths,106
2009,same,70
2009,4,674
2009,onemonthoff,71
2009,chamber,68
2009,pillowfightsf,137
2009,broken,85
2009,island,1192
2009,lands,88
2009,muchacha,114
2009,alameda,244
2009,bookstore,71
2009,field,149
2009,17,74
2009,fall,137
2009,mothers,57
2009,transit,209
2009,jaspergregory,99
2009,a55,105
2009,town,209
2009,del,73
2009,dec,1076
2009,insurance,594
2009,paint,73
2009,eeuu,64
2009,floats,65
2009,creativity,93
2009,secret,87
2009,fur,56
2009,bill,163
2009,fun,728
2009,landmark,250
2009,howl,80
2009,pet,68
2009,hilton,95
2009,tarantino,110
2009,buildings,199
2009,fran,192
2009,ignite,93
2009,meter,77
2009,ld,74
2009,le,93
2009,la,92
2009,electronica,68
2009,red,571
2009,frank,118
2009,sfpride,186
2009,eight,164
2009,mortati,92
2009,value,174
2009,bayview,79
2009,center,2552
2009,ignatius,62
2009,works,129
2009,students,84
2009,panel,65
2009,buy,85
2009,bus,196
2009,santas,427
2009,baker,120
2009,trolley,201
2009,pride,2199
2009,street,5329
2009,westcoast,53
2009,studio,298
2009,vacations,57
2009,wars,277
2009,join,96
2009,mm,282
2009,my,265
2009,cone,66
2009,end,371
2009,bootstrap,109
2009,got,78
2009,drupalcon,192
2009,tool,68
2009,western,54
2009,expo,782
2009,coit,221
2009,holland,92
2009,ggp,69
2009,365,216
2009,aquarium,354
2009,beer,154
2009,kalifornien,306
2009,alamo,101
2009,ice,173
2009,christmas,916
2009,sept,529
2009,26th,137
2009,no,550
2009,nu,128
2009,prop,819
2009,weird,196
2009,d70,165
2009,chocolate,57
2009,meridian,154
2009,equality,497
2009,opera,112
2009,convention,223
2009,t3i,96
2009,and,1632
2009,pro,154
2009,ef85mm,160
2009,rally4sanity,110
2009,marketstreet,90
2009,picnic,143
2009,picnik,73
2009,opening,225
2009,outsourcing,161
2009,unitedforiran,160
2009,caucus,114
2009,color,314
2009,polk,142
2009,hardly,238
2009,cresting,58
2009,arnold,58
2009,alphabet,74
2009,events,318
2009,model,211
2009,decompression,207
2009,sfmoma,622
2009,pacific,569
2009,legal,314
2009,on,798
2009,of,8836
2009,ox,90
2009,strictly,285
2009,politics,270
2009,dof,110
2009,lovers,82
2009,curvy,87
2009,alcatraz,1482
2009,woman,113
2009,design,255
2009,eqypt,111
2009,sfist,1257
2009,september,1358
2009,mission,4062
2009,unite,730
2009,health,623
2009,circuit,173
2009,prideparade2009,62
2009,efs,89
2009,activity,76
2009,2,809
2009,d40x,305
2009,brick,54
2009,lower,144
2009,airshow,196
2009,pride2009,62
2009,fast,135
2009,divisadero,57
2009,drinking,93
2009,fine,152
2009,jesuits,114
2009,usa,5965
2009,usm,591
2009,uss,114
2009,musician,59
2009,united,8387
2009,iphone3g,63
2009,orange,185
2009,studios,61
2009,van,52
2009,academy,1244
2009,lee,159
2009,d300,679
2009,moblog,715
2009,santarchysanfrancisco09,83
2009,hunters,144
2009,painted,78
2009,untagged,127
2009,nearsoft,52
2009,cross,266
2009,own,98
2009,fundraiser,176
2009,ows,83
2009,cliff,99
2009,record,102
2009,other,63
2009,four,144
2009,zannel,58
2009,bild,105
2009,lgbt,457
2009,artmuseum,72
2009,strike,581
2009,clubbing,55
2009,howweirdstreetfaire2009,89
2009,series,801
2009,foundation,306
2009,litquake,111
2009,silicon,174
2009,basketball,96
2009,tree,319
2009,project,255
2009,photojojo,69
2009,camp,114
2009,honda,60
2009,stadium,89
2009,chihuly,317
2009,sol,80
2009,inside,92
2009,bicycles,280
2009,sign,524
2009,claus,166
2009,wikileaks,83
2009,muertos,259
2009,st,2259
2009,sf,16190
2009,folsom,430
2009,square,1449
2009,open,147
2009,city,2254
2009,typography,57
2009,alley,249
2009,drive,132
2009,liberation,89
2009,bikebike,62
2009,3000,55
2009,hayes,394
2009,dark,80
2009,fleishhacker,79
2009,weiwei,109
2009,october,2862
2009,howweirdstreetfaire09,89
2009,occupop,68
2009,mass,741
2009,adam,76
2009,tv,136
2009,to,1989
2009,tl,53
2009,17th,189
2009,harry,63
2009,saverentcontrol,54
2009,palin,75
2009,iphone4photo,423
2009,6,55
2009,progressivereadingseries,54
2009,register,93
2009,transbay,82
2009,candlelight,227
2009,dcsf2010,53
2009,jeremiah,74
2009,jet,52
2009,mmmt,56
2009,anthem,78
2009,gold,83
2009,writer,57
2009,wheatpaste,52
2009,church,715
2009,ohad,51
2009,santaconsanfrancisco2009,83
2009,spring,89
2009,poster,90
2009,up,279
2009,us,614
2009,un,162
2009,uc,62
2009,young,662
2009,magic,76
2009,evo,60
2009,eve,97
2009,race,989
2009,richmond,113
2009,stvalentinesday,91
2009,solidarity,369
2009,decay,74
2009,2011,3114
2009,2010,9897
2009,santarchysf09,83
2009,face,77
2009,painting,201
2009,bring,96
2009,criterium,180
2009,oakland,557
2009,streetcars,107
2009,mannequin,100
2009,spain,93
2009,vc,61
2009,vr,69
2009,matthew,64
2009,campaign2008,75
2009,350,370
2009,commemoration,58
2009,chairs,78
2009,cellotweetup,86
2009,frameline,155
2009,dogpatch,292
2009,bike,732
2009,555,345
2009,10thhowweirdstreetfaire,89
2009,beach,1574
2009,pizza,63
2009,santarchy,825
2009,salon,110
2009,japan,95
2009,sqaure,65
2009,band,1102
2009,bank,722
2009,rocks,66
2009,d40,51
2009,sfsu,125
2009,zombiemobsf,92
2009,streets,497
2009,laidoffcamp,68
2009,foundinsf,633
2009,scenes,59
2009,fisheye,69
2009,cellist,103
2009,we,112
2009,braf,110
2009,fest,385
2009,east,153
2009,air,284
2009,skipping,92
2009,photo,859
2009,family,235
2009,board,100
2009,bastards,75
2009,post,88
2009,wax,147
2009,war,223
2009,feinstein,54
2009,fog,239
2009,southwest,53
2009,occupycastro,68
2009,santarchysf,83
2009,cas,80
2009,car,889
2009,cat,119
2009,cal,120
2009,heart,124
2009,bear,101
2009,sfsundaystreets,117
2009,iphone4camera,420
2009,january,1449
2009,cars,121
2009,card,193
2009,care,262
2009,clarion,133
2009,national,721
2009,sfipf,52
2009,fav30,67
2009,happy,114
2009,canonpowershotg10,64
2009,embarcadero,831
2009,mashable,189
2009,1struggle1fight,124
2009,nikon,5048
2009,chinatown,692
2009,heavy,73
2009,los,447
2009,handstyles,64
2009,zombielandzombiemob,76
2009,iran,732
2009,sanfrancisco,5519
2009,toys,79
2009,evernote,88
2009,taken,73
2009,history,237
2009,kayveeinc,78
2009,cupcake,70
2009,launch,601
2009,wonderful,61
2009,northern,845
2009,scooter,67
2009,jeff,69
2009,pacbell,152
2009,crucible,127
2009,startups,109
2009,game,568
2009,gamh,107
2009,shine,69
2009,barbary,70
2009,picket,226
2009,booth,122
2009,jonathan,51
2009,beijing,84
2009,outer,76
2009,crossing,59
2009,transamerica,196
2009,graf,126
2009,desperate,79
2009,demo,313
2009,underground,115
2009,sanfranciscostreetsafari2010,57
2009,retrato,129
2009,freedom,97
2009,washington,140
2009,sfpride2010,68
2009,eat,171
2009,erie,87
2009,diego,59
2009,friends,248
2009,cockatelia,54
2009,24mm,151
2009,asian,225
2009,101010,107
2009,100,281
2009,101,127
2009,warf,62
2009,waterfront,56
2009,annies,162
2009,meat,52
2009,meal,184
2009,navy,156
2009,struggle,100
2009,bonita,144
2009,mini,61
2009,modern,444
2009,dog,337
2009,consumer,84
2009,civiccenter,88
2009,coast,448
2009,architecture,570
2009,8,559
2009,9,371
2009,kayvee,78
2009,fne,53
2009,howweird09,89
2009,belle,69
2009,make,753
2009,human,129
2009,legion,110
2009,performing,78
2009,valentines,181
2009,sfcm,100
2009,warehouse,53
2009,walking,144
2009,me,191
2009,sfgiants,99
2009,makeup,119
2009,viagem,55
2009,hotels,793
2009,kenneth,475
2009,pillowfightclubsf,54
2009,may,575
2009,mac,51
2009,man,510
2009,hemlock,110
2009,shield,150
2009,writers,81
2009,safari,65
2009,rock,1869
2009,signage,54
2009,jackson,115
2009,xmas,510
2009,shipyard,51
2009,crit,124
2009,little,144
2009,eyes,61
2009,11,291
2009,10,357
2009,13,291
2009,12,143
2009,15,83
2009,14,407
2009,19,94
2009,monochrome,64
2009,shop,155
2009,show,1259
2009,cocktails,60
2009,workshop,95
2009,regency,141
2009,speech,58
2009,oil,305
2009,macro,100
2009,blogher,83
2009,netherlands,93
2009,inglorious,74
2009,streetart,182
2009,comicon,52
2009,840,196
2009,general,100
2009,film,673
2009,united4iran,160
2009,chris,86
2009,husky,77
2009,zine,172
2009,sanfran,194
2009,public,1129
2009,two,59
2009,playing,95
2009,24,253
2009,25,354
2009,26,115
2009,27,290
2009,22,72
2009,23,53
2009,association,77
2009,hard,84
2009,lawrence,65
2009,sbc,55
2009,rainforest,136
2009,done,109
2009,park,4832
2009,onestruggleonefight,124
2009,most,68
2009,frisco,214
2009,8,1151
2009,bofa,82
2009,californian,113
2009,lion,84
2009,fans,703
2009,dances,160
2009,dancer,60
2009,gay,3999
2009,gas,76
2009,35mm,333
2009,naturalgeometry,62
2009,gayprideparade,63
2009,santarchy09,83
2009,laphotobooth,82
2009,rider,81
2009,election08,277
2009,exploration,79
2009,excuses,92
2009,recreation,194
2009,3g,104
2009,iranelection,181
2009,39,296
2009,34,51
2009,trail,139
2009,train,140
2009,f,118
2009,democracy,252
2009,forest,68
2009,fiesta,75
2009,buena,422
2009,matt,74
2009,iphoneography,273
2009,d90,3231
2009,bakery,52
2009,parks,115
2009,staff,75
2009,colbert,331
2009,gaza,585
2009,bull,90
2009,sfsanta,90
2009,italian,133
2009,oiseaux,63
2009,49,101
2009,santaconsanfrancisco,83
2009,techweb,103
2009,charles,78
2009,jack,76
2009,bicycle,851
2009,julia,228
2009,ggpark,140
2009,jpeg,149
2009,stenzel,60
2009,naleihulu,62
2009,tourist,103
2009,tourism,58
2009,laidoffcampsf,51
2009,sfbay,58
2009,appeals,111
2009,top,149
2009,murder,64
2009,rampage,320
2009,pilarcitos,204
2009,radio,65
2009,lightroom,157
2009,games,142
2009,pyramid,117
2009,5d,138
2009,cultural,126
2009,gift,56
2009,55,118
2009,50,301
2009,ucsf,133
2009,corpsepaint,59
2009,civic,1442
2009,civil,187
2009,gig,111
2009,toad,63
2009,yacht,54
2009,ferlinghetti,82
2009,environment,517
2009,cool,68
2009,wordcamp,66
2009,pixplz,94
2009,anthro,54
2009,sports,274
2009,iphone,2922
2009,states,8247
2009,photojournalism,86
2009,1,78
2009,javaone,304
2009,bernal,172
2009,goldengate,66
2009,santarchysf2009,83
2009,district,3143
2009,cops,72
2009,marathon,100
2009,santarchysanfrancisco,83
2009,kentkb,150
2009,college,145
2009,farmers,57
2009,federal,497
2009,priests,115
2009,pop,51
2009,60,78
2009,poi,151
2009,tiger,83
2009,transbaycal,425
2009,trip,535
2009,umloud,116
2009,rose,56
2009,ross,57
2009,sanity,662
2009,gwsf,599
2009,matsuri,59
2009,ladies,53
2009,1021,86
2009,nightlife,70
2009,111102,128
2009,apparel,96
2009,chinese,725
2009,n30,130
2009,racing,704
2009,tags,68
2009,berkeley,321
2009,macworldexpo,54
2009,powershotg10,64
2009,pond,57
2009,court,562
2009,style,60
2009,misspelled,52
2009,stephen,125
2009,hotel,1801
2009,moveon,141
2009,7d,65
2009,70,103
2009,nothing,74
2009,rocketship,326
2009,equinox,83
2009,water,476
2009,roman,61
2009,java,192
2009,political,143
2009,plants,136
2009,panasonic,58
2009,workers,662
2009,peter,79
2009,sutro,202
2009,vigil,566
2009,mullenweg,104
2009,obama08,144
2009,sit,264
2009,brian,74
2009,haight,683
2009,abuse,91
2009,light,497
2009,carnavalsf,65
2009,billy,63
2009,lilac,101
2009,ipod,74
2009,4th,296
2009,ashbury,159
2009,july,2885
2009,carnaval,168
2009,north,1054
2009,class,133
2009,watching,145
2009,display,67
2009,wall,286
2009,walk,289
2009,mike,135
2009,abandoned,245
2009,gothic,234
2009,unity,70
2009,student,96
2009,pedal,55
2009,14th,129
2009,ruling,86
2009,sffd,59
2009,mlb,125
2009,here,736
2009,pacbellpark,81
2009,glass,334
2009,holi,63
2009,how,198
2009,beauty,155
2009,northbeach,54
2009,murals,198
2009,knockout,61
2009,cathedral,142
2009,musicians,115
2009,spinning,133
2009,350ppm,267
2009,nations,51
2009,divas,80
2009,macbook,156
2009,marvel,56
2009,bush,64
2009,santasf,83
2009,february,1107
2009,30th,84
2009,2nd,114
2009,lighthouse,73
2009,commerce,64
2009,castro,2789
2009,things,132
2009,rallye,159
2009,prison,323
2009,right,184
2009,old,165
2009,85mm,104
2009,creative,207
2009,valentinesday,99
2009,floor,142
2009,time,118
2009,push,64
2009,out,174
2009,truck,63
2009,punk,124
2009,occupy,534
2009,san,53063
2009,sam,61
2009,butterfly,102
2009,hohoho,182
2009,artist,86
2009,skyline,184
2009,where,66
2009,jobs,63
2009,dome,70
2009,hoherd,870
2009,boat,180
2009,canon,2028
2009,speedway,111
2009,summer,417
2009,gdc,104
2009,slims,74
2009,exit,55
2009,power,482
2009,intimate,62
2009,burning,281
2009,santaconsf09,83
2009,fashion,231
2009,b2b,108
2009,social,402
2009,mall,298
2009,male,92
2009,dress,88
2009,plant,89
2009,plane,51
2009,lantern,375
2009,really,67
2009,egypt,367
2009,stairs,85
2009,wayne,249
2009,giants,2139
2009,river,71
2009,movie,400
2009,japantown,285
2009,aspherical,73
2009,centennial,135
2009,chase,68
2009,temple,152
2009,maria,100
2009,fransisco,194
2009,oracle,53
2009,this,202
2009,indian,116
2009,4211,66
2009,great,244
2009,charity,152
2009,animals,185
2009,tien,105
2009,22nd,73
2009,motorcycle,62
2009,society,234
2009,pride09,64
2009,scary,82
2009,touring,91
2009,voyage,94
2009,pets,61
2009,against,361
2009,paul,113
2009,cove,54
2009,eos,369
2009,muertes,89
2009,j25,98
2009,missiondistrict,86
2009,baytobreakers,57
2009,moscone,665
2009,work,296
2009,indie,107
2009,rebar,73
2009,lab,125
2009,law,387
2009,office,123
2009,sony,148
2009,network,83
2009,comix,87
2009,comic,68
2009,tea,559
2009,hike,56
2009,evenening,101
2009,415,57
2009,cavey,78
2009,mobilization,490
2009,sticker,76
2009,sakura,65
2009,columbus,99
2009,marketing,108
2009,d60,147
2009,sfmc,51
2009,mta,63
2009,abstract,86
2009,dance,773
2009,brown,97
2009,sidewalk,545
2009,market,1860
2009,angels,229
2009,club,1059
2009,usf,166
2009,southern,99
2009,wwdc,240
2009,down,177
2009,james,125
2009,bradley,91
2009,quantaray28mm200mm,107
2009,undead,183
2009,marina,193
2009,calacademy,141
2009,sierra,56
2009,unidos,134
2009,leather,58
2009,3,248
2009,skyscraper,58
2009,oliver,191
2009,cycling,133
2009,100th,368
2009,dancers,224
2009,ca,11225
2009,d3s,98
2009,your,136
2009,area,2616
2009,mwsf,61
2009,you,73
2009,building,1200
2009,exhibitions,51
2009,fence,60
2009,pixar,69
2009,coalition,102
2009,boycott,123
2009,payer,204
2009,event,415
2009,fountain,66
2009,w00tstock,64
2009,lie,261
2009,alpha,122
2009,mobile,1123
2009,flashmob,422
2009,angie,81
2009,mega,82
2009,fleet,433
2009,gala,100
2009,cemetery,67
2009,toyota,53
2009,parade,2594
2009,soma,953
2009,block,116
2009,motorama,52
2009,william,55
2009,drag,885
2009,proposition,217
2009,facepainting,67
2009,facebook,81
2009,singing,84
2009,wharf,522
2009,howweird,91
2009,cruise,65
2009,playground,81
2009,49ers,65
2009,lancer,51
2009,art,4280
2009,final,87
2009,townsend,58
2009,beard,57
2009,sanityandorfear,114
2009,halloween2009,57
2009,conservatory,268
2009,state,212
2009,group,107
2009,ggnra,59
2009,poem,56
2009,poet,88
2009,diversity,77
2009,google,334
2009,kimball,65
2009,calacademyorg,103
2009,restore,667
2009,sfmta,92
2009,martin,193
2009,twitter,219
2009,artists,69
2009,museum,2539
2009,cello,123
2009,contest,91
2009,3rd,82
2009,presents,187
2009,byobw2008,83
2009,commons,196
2009,force,68
2009,japanese,309
2009,lights,296
2009,project365,74
2009,campaign,625
2009,landscape,164
2009,keith,52
2009,cali,156
2009,lesbian,197
2009,g12,55
2009,g11,200
2009,santacon2009,85
2009,canong10,64
2009,campaign08,248
2009,retire,172
2009,larson,304
2009,bar,2352
2009,sailing,87
2009,bay,4566
2009,bad,332
2009,bae,57
2009,olympics,105
2009,three,86
2009,geocode,56
2009,20d,84
2009,mexico,58
2009,sushi,57
2009,gigi4791,122
2009,interior,178
2009,super,98
2009,jones,56
2009,daily,232
2009,milk,269
2009,praises,67
2009,french,112
2009,exploratorium,150
2009,institute,101
2009,phillies,51
2009,downtown,1353
2009,9th,135
2009,giro,298
2009,girl,234
2009,living,163
2009,californie,141
2009,california,28579
2009,ministry,82
2009,mining,79
2009,muni,526
2009,stupid,189
2009,marc,54
2009,mark,170
2009,mart,55
2009,mary,118
2009,shopping,331
2009,hdr,187
2009,glamazone,66
2009,pay,82
2009,tour,288
2009,pac,62
2009,pad,109
2009,running,92
2009,bottle,83
2009,mcdonald,172
2009,mob,101
2009,railroad,66
2009,organizing,56
2009,critical,706
2009,violence,321
2009,road,188
2009,lions,64
2009,apil,57
2009,resolution,105
2009,steve,114
2009,movement,97
2009,lookout,139
2009,house,530
2009,flower,309
2009,ciclovia,117
2009,elbo,91
2009,youth,65
2009,dancing,492
2009,11th,283
2009,annual,277
2009,sexy,123
2009,italy,70
2009,big,923
2009,costumes,716
2009,feb,485
2009,bayarea,259
2009,downhill,72
2009,lens,211
2009,2008,5541
2009,2009,10911
2009,jason,98
2009,body,55
2009,lines,70
2009,bridges,54
2009,labor,942
2009,dan,96
2009,day,3719
2009,dwhartwig,233
2009,south,195
2009,d7000,640
2009,ipad,255
2009,curves,77
2009,demonstration,601
2009,herman,399
2009,roadtrip,68
2009,sfmission,65
2009,beau,79
2009,photography,1174
2009,homes,128
2009,sextech,159
2009,domestic,84
2009,fyc,346
2009,nfl,59
2009,alive,228
2009,j,88
2009,supreme,240
2009,pie,134
2009,shooting,186
2009,pit,135
2009,eatbrains08,76
2009,christ,94
2009,sfpd,141
2009,sfpl,62
2009,york,59
2009,25th,384
2009,pillowfight,167
2009,phone,192
2009,gate,4345
2009,archaeology,69
2009,writing,52
2009,independent,70
2009,fairmont,105
2009,arizona,95
2009,free,667
2009,rain,171
2009,industrial,57
2009,byobw,271
2009,headlands,207
2009,ran,85
2009,raw,547
2009,rat,52
2009,metal,671
2009,queen,52
2009,queer,188
2009,earth,189
2009,oct,1448
2009,faces,90
2009,craft,68
2009,nositlie,55
2009,coastal,84
2009,anderson,79
2009,solar,87
2009,tim,52
2009,blackandwhite,97
2009,hour,214
2009,sfcantina,55
2009,baseball,839
2009,ferry,371
2009,osmosis,53
2009,beale,217
2009,birthday,831
2009,floral,56
2009,moma,234
2009,sunrise,60
2009,hacker,135
2009,factory,53
2009,hulu,61
2009,george,59
2009,plastic,88
2009,white,690
2009,exploring,53
2009,silhouette,73
2009,keynotes,103
2009,tornado,78
2009,hack,86
2009,wood,75
2009,parking,110
2009,review,297
2009,howard,155
2009,peaceful,242
2009,flyawayproductions,67
2009,valley,717
2009,fish,176
2009,cinema,194
2009,championship,293
2009,krzesinski,257
2009,byrnes,60
2009,anniversary,556
2009,soundwave,204
2009,saraceno,113
2009,garfield,72
2009,windows,70
2009,hit,75
2009,starwood,701
2009,bart,299
2009,are,237
2009,unions,60
2009,rachidh,98
2009,macworld,762
2009,2369,227
2009,08santarchy,97
2009,yosemite,54
2009,santasf09,83
2009,prom,98
2009,lasvegas,181
2009,111,105
2009,dilo,97
2009,fishermans,84
2009,apple,1483
2009,women,227
2009,tax,191
2009,tag,104
2009,norcal4iran,172
2009,tram,66
2009,cellists,85
2009,outings,54
2009,myspace,56
2009,sculpture,534
2009,centre,159
2009,chicken,61
2009,view,211
2009,wippel,138
2009,superfave,84
2009,obama2008,79
2009,wild,108
2009,vintage,150
2009,rocket,129
2009,sky,279
2009,ska,71
2009,sick,358
2009,emeryville,206
2009,epiphany,98
2009,levydance,62
2009,balsa,64
2009,book,196
2009,june,2299
2012,yellow,54
2012,four,277
2012,santacon2012,92
2012,sffd,236
2012,mlb,99
2012,oracleteamusa,141
2012,bild,157
2012,lgbt,158
2012,artmuseum,51
2012,golden,1380
2012,wikimedia,54
2012,dna,158
2012,music,1452
2012,travel,152
2012,how,76
2012,hot,164
2012,cameraphone,214
2012,wine,64
2012,financial,111
2012,series,144
2012,mason,94
2012,silicon,107
2012,service,80
2012,350ppm,56
2012,tree,142
2012,project,118
2012,fair,114
2012,somarts,53
2012,nature,332
2012,homelessness,51
2012,roller,65
2012,union,292
2012,dave,59
2012,child,61
2012,castro,233
2012,d700,56
2012,memorial,190
2012,prison,74
2012,east,57
2012,old,69
2012,people,210
2012,for,192
2012,creative,71
2012,fog,95
2012,panorama,57
2012,palm,78
2012,baybridge,78
2012,room,51
2012,subway,76
2012,team,72
2012,sign,162
2012,love,107
2012,sfba,225
2012,printing,61
2012,winter,85
2012,1billionrising,81
2012,st,677
2012,sf,3110
2012,94117,90
2012,folsom,103
2012,square,381
2012,one,65
2012,vote,67
2012,open,55
2012,city,821
2012,san,15263
2012,siendo,106
2012,alley,144
2012,zoo,75
2012,goldengatepark,56
2012,skyline,77
2012,hoherd,498
2012,hornet,69
2012,twin,68
2012,boat,146
2012,west,220
2012,hayes,56
2012,canon,410
2012,technology,53
2012,vacant,56
2012,summer,71
2012,being,112
2012,world,166
2012,apple,160
2012,power,84
2012,strybing,56
2012,burning,55
2012,an,111
2012,summit,55
2012,original,54
2012,to,277
2012,cable,114
2012,americascup,154
2012,iphone4photo,71
2012,male,69
2012,station,121
2012,information,60
2012,iphonecamera,67
2012,register,73
2012,race,276
2012,statue,56
2012,saint,52
2012,mural,250
2012,theater,191
2012,obama,107
2012,graffiti,326
2012,arquitectura,107
2012,play,180
2012,giants,500
2012,godwaffle,80
2012,startup,101
2012,sea,106
2012,movie,53
2012,japantown,247
2012,community,200
2012,fire,978
2012,packers,88
2012,commune,72
2012,occupycal,56
2012,vday,81
2012,spring,130
2012,penpower,78
2012,by,149
2012,iphone5photo,78
2012,occupy,428
2012,pacific,252
2012,us,392
2012,uc,90
2012,lane,157
2012,oracle,195
2012,archdiocese,238
2012,young,79
2012,garden,304
2012,richmond,53
2012,bird,163
2012,lee,68
2012,great,102
2012,derby,106
2012,archbishop,129
2012,charity,169
2012,high,342
2012,comedy,87
2012,amerika,165
2012,tien,91
2012,nps,62
2012,2014,51
2012,2013,893
2012,2012,2638
2012,scenic,79
2012,architecture,216
2012,david,118
2012,festival,773
2012,nihonmachi,96
2012,bring,143
2012,nokxl,69
2012,cc,163
2012,ca,2573
2012,labor,101
2012,trinity,159
2012,site,185
2012,vr,90
2012,politics,135
2012,arneson,53
2012,350,54
2012,cordileone,84
2012,teamoracle,73
2012,pier,357
2012,keystone,59
2012,stage,54
2012,pussy,56
2012,housing,54
2012,construction,179
2012,places,135
2012,dogpatch,64
2012,francisco,14975
2012,eos,68
2012,gardens,156
2012,krzesinski,186
2012,bike,132
2012,presidio,122
2012,missiondistrict,70
2012,panda,61
2012,celebration,147
2012,rsac,62
2012,moscone,206
2012,department,118
2012,boats,51
2012,beach,407
2012,lab,61
2012,green,153
2012,santarchy,92
2012,coffee,135
2012,emiratesteamnz,141
2012,thea,79
2012,potrero,83
2012,band,184
2012,daniel,479
2012,john,497
2012,valenciast,134
2012,flickrhq,107
2012,design,176
2012,sfmusictech,80
2012,de,145
2012,dx,142
2012,sakura,134
2012,wheel,171
2012,independent,68
2012,rain,74
2012,vermont,64
2012,the,1172
2012,photo,614
2012,d800,321
2012,night,267
2012,security,78
2012,properties,53
2012,85mm,105
2012,reception,59
2012,dance,160
2012,anonymous,55
2012,valenciastreet,115
2012,sidewalk,52
2012,market,462
2012,live,929
2012,angels,64
2012,car,215
2012,lounge,166
2012,nlcs,97
2012,birds,150
2012,iphone4camera,71
2012,willow,92
2012,window,59
2012,usa,2381
2012,innenstadt,100
2012,hall,296
2012,january,85
2012,94608,113
2012,concerts,105
2012,en,294
2012,ef,212
2012,year,180
2012,marina,92
2012,flowers,157
2012,norcal,54
2012,embarcadero,173
2012,america,854
2012,sunset,232
2012,race18,52
2012,race16,51
2012,concert,267
2012,3,85
2012,wheels,76
2012,nikon,920
2012,chinatown,127
2012,rx100,95
2012,photowalk,61
2012,neon,76
2012,iphone4,73
2012,central,66
2012,your,196
2012,area,1832
2012,valencia,761
2012,stanford,60
2012,builders,103
2012,building,434
2012,d600,147
2012,instagram,95
2012,streets,272
2012,sanfrancisco,1659
2012,family,97
2012,history,109
2012,americas,93
2012,a,229
2012,food,161
2012,faire,140
2012,event,133
2012,robert,64
2012,blossom,349
2012,tedxgoldengatepark,60
2012,888,117
2012,alpha,193
2012,mobile,158
2012,northern,461
2012,santacon,98
2012,portrait,147
2012,league,69
2012,77v,156
2012,fleet,557
2012,tripwire,58
2012,jpg,158
2012,grand,67
2012,cityscape,66
2012,soma,255
2012,merced,61
2012,friendly,54
2012,booth,123
2012,camera,75
2012,sfpride,83
2012,wharf,134
2012,53012,89
2012,american,176
2012,costume,71
2012,outer,92
2012,university,234
2012,female,58
2012,activism,51
2012,49ers,242
2012,austin,231
2012,rsa,87
2012,gallery,209
2012,transamerica,53
2012,swinerton,142
2012,maritime,66
2012,years,54
2012,rachidh,234
2012,langton,111
2012,state,103
2012,parkside,105
2012,flickr,237
2012,key,51
2012,poet,90
2012,party,291
2012,historic,233
2012,martin,99
2012,library,116
2012,techshop,59
2012,museum,548
2012,dolores,131
2012,north,380
2012,education,125
2012,protest,479
2012,asian,92
2012,commons,72
2012,japanese,87
2012,prisons,58
2012,lights,222
2012,new,407
2012,californie,80
2012,luther,98
2012,campaign,51
2012,county,338
2012,landscape,122
2012,strikedebt,56
2012,rights,89
2012,lesbian,76
2012,aids,56
2012,foto,180
2012,girls,66
2012,newzealand,141
2012,palace,91
2012,modern,144
2012,marin,164
2012,alarm,230
2012,dog,59
2012,coast,92
2012,bar,157
2012,bay,2991
2012,fillmore,73
2012,geocode,60
2012,is,68
2012,in,105
2012,march,74
2012,kid,55
2012,sanfraciscobay,141
2012,manual,64
2012,stockphoto,157
2012,nctc,55
2012,super,68
2012,sketch,83
2012,parade,484
2012,fort,287
2012,ship,103
2012,digital,72
2012,studentdebt,56
2012,milk,54
2012,sfgiants,131
2012,international,88
2012,boy,51
2012,sausalito,91
2012,treasure,119
2012,downtown,181
2012,plaza,196
2012,sunday,204
2012,may,71
2012,man,119
2012,rock,235
2012,girl,77
2012,california,7150
2012,13,52
2012,sailing,232
2012,occupied,112
2012,theatre,93
2012,friedman,499
2012,sigma,105
2012,show,136
2012,black,190
2012,muni,188
2012,geo,157
2012,forwardonclimate,55
2012,jr,68
2012,tour,102
2012,arts,141
2012,mark,56
2012,hdr,57
2012,pac,54
2012,macro,105
2012,images,70
2012,raptor,55
2012,island,324
2012,road,74
2012,lands,232
2012,bookstore,68
2012,film,68
2012,nccbf,122
2012,resolution,165
2012,neighborhood,80
2012,public,196
2012,transit,104
2012,clarion,115
2012,conservatory,107
2012,house,128
2012,flower,116
2012,53112,56
2012,lease,96
2012,park,1517
2012,dancing,66
2012,mammoth,99
2012,teamusa,141
2012,frisco,145
2012,fine,85
2012,8,67
2012,etnz,144
2012,historical,51
2012,restaurant,114
2012,annual,163
2012,point,177
2012,fashion,116
2012,gay,201
2012,35mm,186
2012,bill,69
2012,fun,75
2012,flurry,60
2012,landmark,130
2012,cup,313
2012,easter,117
2012,big,274
2012,getty,66
2012,cafe,97
2012,lend,96
2012,recreation,149
2012,39,72
2012,train,66
2012,stock,86
2012,lines,72
2012,le,76
2012,la,155
2012,image,165
2012,day,309
2012,buena,88
2012,red,129
2012,south,244
2012,d7000,101
2012,parks,100
2012,sfo,99
2012,herman,58
2012,turk,117
2012,photography,180
2012,national,551
2012,laureate,56
2012,sfsanta,92
2012,powell,64
2012,center,640
2012,lake,101
2012,outsound,73
2012,noise,81
2012,iworld,56
2012,actual,54
2012,justin,64
2012,bus,57
2012,lynn,478
2012,supreme,58
2012,autodesk,63
2012,romney,51
2012,baker,55
2012,campaign2012,76
2012,pride,233
2012,50mm,149
2012,rise,104
2012,school,76
2012,bicycle,122
2012,street,1453
2012,blue,202
2012,disney,193
2012,teamnz,141
2012,end,92
2012,gate,1392
2012,mess,137
2012,jpeg,158
2012,oakland,324
2012,free,112
2012,filter,473
2012,350bayarea,54
2012,toy,51
2012,byobw,79
2012,heights,116
2012,urban,326
2012,western,59
2012,headlands,96
2012,bridge,1132
2012,themission,55
2012,coit,71
2012,botanical,62
2012,365,163
2012,conference,114
2012,steamroller,60
2012,lottie,144
2012,peaks,64
2012,ocean,405
2012,kalifornien,289
2012,cherry,344
2012,ucsf,211
2012,hsb,67
2012,hsm,87
2012,gaultier,55
2012,trip,139
2012,no,89
2012,picture,167
2012,football,136
2012,focus,51
2012,environment,110
2012,clouds,102
2012,port,176
2012,water,227
2012,baseball,241
2012,weird,79
2012,iphone,473
2012,riot,57
2012,states,2139
2012,ferry,171
2012,stream,264
2012,1,63
2012,arquitectonica,106
2012,wallace,76
2012,civic,211
2012,meridian,114
2012,bernal,91
2012,sunrise,51
2012,george,81
2012,district,550
2012,white,207
2012,niners,59
2012,and,368
2012,pro,74
2012,sciences,80
2012,gull,59
2012,jazz,64
2012,crooked,59
2012,opening,114
2012,outside,198
2012,howard,220
2012,hardly,84
2012,randomok,184
2012,transbaycal,227
2012,januar,72
2012,events,86
2012,week,621
2012,46th,61
2012,umloud,300
2012,feminist,51
2012,decompression,66
2012,sfmoma,147
2012,feminism,51
2012,tower,153
2012,matsuri,106
2012,oo,58
2012,on,75
2012,of,1621
2012,os,85
2012,strictly,84
2012,valley,259
2012,sfpolitics,72
2012,regents,112
2012,5,75
2012,chinese,159
2012,alcatraz,553
2012,sony,241
2012,tea,92
2012,breakers,211
2012,sun,114
2012,anniversary,80
2012,berkeley,127
2012,sfist,336
2012,court,65
2012,mission,1095
2012,roundtheworldtrip,52
2012,health,64
2012,hill,208
2012,obra,294
2012,architecting,106
2012,store,98
2012,hotel,153
2012,king,157
2012,architect,106
2012,77,157
2012,art,817
2012,bart,63
2012,d40x,127
2012,village,58
2012,macworld,82
2012,flight,60
2012,2102,52
2012,bluegrass,125
2012,higher,57
2012,lower,104
2012,arquitecto,106
2012,duboce,199
2012,yerba,79
2012,peace,61
2012,club,110
2012,source13,80
2012,sutro,94
2012,selby,73
2012,streetart,183
2012,iphonephoto,149
2012,usm,114
2012,women,87
2012,united,2191
2012,haight,252
2012,flurrymobile,80
2012,light,145
2012,orange,53
2012,out,76
2012,ows,175
2012,birthday,75
2012,academy,94
2012,july,52
2012,carnaval,56
2012,sculpture,174
2012,catholic,153
2012,valencias,112
2012,nikkor,97
2012,boatrace,141
2012,view,173
2012,job,91
2012,jon,55
2012,april,188
2012,wall,169
2012,walt,118
2012,bell,63
2012,sky,159
2012,concourse,53
2012,emeryville,126
2012,church,185
2012,lean,99
2012,ac34,141
2012,own,144
2012,friends,51
2012,arboretum,78
2012,construccion,186
2012,135mm,62
